<?xml version="1.0"?>
<doc>
    <assembly>
        <name>Google.Apis.PlatformServices</name>
    </assembly>
    <members>
        <member name="T:Google.Apis.Util.Store.PasswordVaultDataStore">
            <summary>
            Credentials store that implements <see cref="T:Google.Apis.Util.Store.IDataStore"/>.
            This store saves all keys encrypted in a <see cref="T:Windows.Security.Credentials.PasswordVault"/>
            </summary>
        </member>
        <member name="M:Google.Apis.Util.Store.PasswordVaultDataStore.StoreAsync``1(System.String,``0)">
            <summary>Adds a new key to the password vault.</summary>
        </member>
        <member name="M:Google.Apis.Util.Store.PasswordVaultDataStore.DeleteAsync``1(System.String)">
            <summary>Deletes a given key from the password vault.</summary>
        </member>
        <member name="M:Google.Apis.Util.Store.PasswordVaultDataStore.GetAsync``1(System.String)">
            <summary>
            Gets a specific key from the password vault. Returns <c>default(T)</c> if there is no matching entry.
            </summary>
        </member>
        <member name="M:Google.Apis.Util.Store.PasswordVaultDataStore.ClearAsync">
            <summary>Removes all values from the password vault.</summary>
        </member>
    </members>
</doc>
